scenario_id,scenario_kind,evidence_layer,requires_refresh_after_days,brent_usd_bbl,fx_usd_myr,lng_brent_linked_pct,subsidy_policy,petronas_capex_floor_rm_b,requested_extra_dividend_rm_b,safe_extra_dividend_rm_b,fiscal_gap_rm_b,stress_state,verdict,evidence_expiry,notes
S001_baseline_low_oil,illustrative,L2_L3,30,60,4.50,80,current_policy,50,0,0,15,AMBER,HOLD_baseline,2026-08-09,illustrative_low_oil_floor_pass_no_extra
S002_baseline_within_floor,illustrative,L2_L3,30,75,4.40,80,current_policy,50,5,5,12,AMBER,HOLD_within_floor,2026-08-09,illustrative_baseline_all_floors_pass
S003_subsidy_rise_dominates,illustrative,L2_L3,30,90,4.30,80,current_policy,50,10,5,8,AMBER,HOLD_capped_demand_exceeds_offer,2026-08-09,illustrative_3_5b_subsidy_per_10usd
S004_subsidy_exceeds_offer,illustrative,L2_L3,30,100,4.20,80,current_policy,50,15,0,5,RED,BLOCK_subsidy_dominates_offer,2026-08-09,illustrative_demand_growth_outpaces_offer
S005_lng_decoupled,illustrative,L2_L3,30,90,4.30,40,current_policy,50,10,0,8,RED,BLOCK_lng_decoupling,2026-08-09,illustrative_lng_breaks_brent_hedge
S006_policy_expansion_costs,illustrative,L2_L3,30,75,4.40,80,expanded_policy,50,5,0,18,RED,BLOCK_policy_expansion,2026-08-09,illustrative_subsidy_policy_expansion
S007_liquidity_stress,illustrative,L2_L3,30,75,4.40,80,current_policy,50,5,0,12,RED,BLOCK_liquidity_floor,2026-08-09,illustrative_liquidity_lt_6mo_opex
S008_reserve_depletion,illustrative,L2_L3,30,75,4.40,80,current_policy,50,5,0,12,BLACK,BLOCK_resource_damage_flag,2026-08-09,illustrative_RRR_lt_0_8_reserve_life_lt_8
S009_optimal_offer_high_demand,illustrative,L2_L3,30,80,4.35,75,current_policy,50,7,7,10,GREEN,OFFER_within_floor,2026-08-09,illustrative_optimal_range_brent_75_to_85
